ÁREA;DEPARTAMENTO;CATEGORIA
VENTANAS;VENTANAS Y PUERTAS CORREDIZAS;VENTANA Y PUERTA PANORAMICA
VENTANAS;VENTANAS Y PUERTAS CORREDIZAS;VENTANA Y PUERTA CARONI
VENTANAS;VENTANAS Y PUERTAS CORREDIZAS;VENTANA VISTAGLASS
VENTANAS;VENTANAS Y PUERTAS CORREDIZAS;PUERTA DE VITRINA
VENTANAS;VENTANAS Y PUERTAS CORREDIZAS;VENTANA ECOBEL
VENTANAS;VENTANAS Y PUERTAS CORREDIZAS;VENTANA Y PUERTA CORREDERA SERIE 1000
VENTANAS;VENTANAS Y PUERTAS CORREDIZAS;VENTANA BELGLASS
VENTANAS;VENTANAS Y PUERTAS CORREDIZAS;VENTANA Y PUERTA AMPLITUD
VENTANAS;VENTANAS ABATIBLES;VENTANA PROYECTANTE COMERCIAL
VENTANAS;VENTANAS ABATIBLES;VENTANA PROYECTANTE LONDON
VENTANAS;VENTANAS ABATIBLES;VENTANA PIVOTANTE
VENTANAS;PT CON INSTALACION;PT ALUMINIO Y VIDRIO
VENTANAS;PRODUCTOS ESTANDAR;VENTANAS ECO
PUERTAS, DIVISIONES Y BARANDAS;DIVISIONES DE AMBIENTE;PAŃO FIJO
PUERTAS, DIVISIONES Y BARANDAS;DIVISIONES DE AMBIENTE;CURTAIN WALL JUNTA POSITIVA Y JUNTA NEGATIVA
PUERTAS, DIVISIONES Y BARANDAS;DIVISIONES DE AMBIENTE;ROMANILLA
PUERTAS, DIVISIONES Y BARANDAS;PUERTAS EXTERIORES;PUERTA BATIENTE ENMARCADA
PUERTAS, DIVISIONES Y BARANDAS;PUERTAS EXTERIORES;PUERTA BANCARIA TIPO P
PUERTAS, DIVISIONES Y BARANDAS;PUERTAS EXTERIORES;VENTANA Y PUERTA SANARE
PUERTAS, DIVISIONES Y BARANDAS;PRODUCTOS ESTANDAR;PUERTAS ECO
PUERTAS, DIVISIONES Y BARANDAS;PUERTAS INTERIORES;SISTEMA PUERTA PLEGABLE
PUERTAS, DIVISIONES Y BARANDAS;PUERTAS INTERIORES;SISTEMA PUERTA TODOVISION SUPERFICIAL
PUERTAS, DIVISIONES Y BARANDAS;PUERTAS INTERIORES;SISTEMA PUERTA TODOVISION
PUERTAS, DIVISIONES Y BARANDAS;PUERTAS INTERIORES;SISTEMA PUERTA MINI EURO PIVOT
PUERTAS, DIVISIONES Y BARANDAS;PUERTAS INTERIORES;SISTEMA PUERTA EURO PIVOT
PUERTAS, DIVISIONES Y BARANDAS;BARANDAS;BARANDA ZOCALO
PUERTAS, DIVISIONES Y BARANDAS;BARANDAS;BARANDA BASTONES A PRESION
PUERTAS, DIVISIONES Y BARANDAS;BARANDAS;BARANDA BASTONES PERFORACION
PUERTAS, DIVISIONES Y BARANDAS;BARANDAS;BARANDA INOX
PUERTAS, DIVISIONES Y BARANDAS;BARANDAS;BARANDA SEPARADORES
PUERTAS, DIVISIONES Y BARANDAS;PUERTAS DE BAŃO;PUERTA DE BAŃO ACRILICO
PUERTAS, DIVISIONES Y BARANDAS;PUERTAS DE BAŃO;PUERTA DE DUCHA  BATIENTE
PUERTAS, DIVISIONES Y BARANDAS;PUERTAS DE BAŃO;TABIQUE DE BAŃOS MACHIMBRADO
PUERTAS, DIVISIONES Y BARANDAS;PUERTAS DE BAŃO;PUERTA DE DUCHA SLIDER TUBO RECTANGULAR
PUERTAS, DIVISIONES Y BARANDAS;PUERTAS DE BAŃO;PUERTA DE BAŃO TEMPLEX
PUERTAS, DIVISIONES Y BARANDAS;PUERTAS DE BAŃO;PUERTA DE DUCHA SLIDER TUBO RECTANGULAR PLUS
PUERTAS, DIVISIONES Y BARANDAS;PUERTAS DE BAŃO;PUERTA SLIDER TUBO REDONDO
PUERTAS, DIVISIONES Y BARANDAS;PRODUCTOS ESTANDAR;PUERTAS DE DUCHA ECO
PUERTAS, DIVISIONES Y BARANDAS;PT CON INSTALACION;PT TEMPLADO
PUERTAS, DIVISIONES Y BARANDAS;CERRADURAS Y CANDADOS;CERRADURAS Y CANDADO
PROTECCION SOLAR;PERSIANAS Y MOSQUITEROS;PERSIANA ROLLER
PROTECCION SOLAR;PERSIANAS Y MOSQUITEROS;PERSIANA SHEER
PROTECCION SOLAR;PERSIANAS Y MOSQUITEROS;MOSQUITERO ROLLER - MOSQUITERO FIJO
PROTECCION SOLAR;PERSIANAS Y MOSQUITEROS;CORTINAS
PROTECCION SOLAR;PERSIANAS Y MOSQUITEROS;TOLDOS
PROTECCION SOLAR;PRODUCTOS ESTANDAR;PERSIANAS ECO
PROTECCION SOLAR;PT CON INSTALACION;PT PERSIANAS
PROTECCION SOLAR;PAPEL NANO.;PAPEL NANOCERAMICO
LAMINAS Y PERFILERIA ESTANDAR;PERFILES ESTANDAR;TUBOS RECTANGULARES UES TES Y REMATES
LAMINAS Y PERFILERIA ESTANDAR;PERFILES ESTANDAR;ANGULOS Y PLETINAS
LAMINAS Y PERFILERIA ESTANDAR;PERFILES ESTANDAR;TUBOS CUADRADOS Y REDONDOS
LAMINAS Y PERFILERIA ESTANDAR;LAMINAS;VIDRIO MONOLITICO
LAMINAS Y PERFILERIA ESTANDAR;LAMINAS;VIDRIO LAMINADO Y ESPECIALES
LAMINAS Y PERFILERIA ESTANDAR;PRODUCTOS ESTANDAR;ESPEJOS ECO
LAMINAS Y PERFILERIA ESTANDAR;LAMINAS;LÁMINAS DE POLICARBONATO
LAMINAS Y PERFILERIA ESTANDAR;LAMINAS;LAMINAS DE ALUMINIO Y ALUCOBOND
LAMINAS Y PERFILERIA ESTANDAR;LAMINAS;ILUMINACION
SERVICIOS;SERVICIOS;SERVICIO DE CANTO PULIDO
SERVICIOS;SERVICIOS;SERVICIO DE FLETE
SERVICIOS;SERVICIOS;SERVICIO DE CORTE Y MECANIZADO
INSUMOS Y FERRETERIA;SIL Y SELL;SILICONES Y SELLADORES SIMBI
INSUMOS Y FERRETERIA;HERRAMIENTAS;HERRAMIENTAS HOTECHE
INSUMOS Y FERRETERIA;HERRAMIENTAS;HERRAMIENTAS HARDEN
INSUMOS Y FERRETERIA;IMPULSO;TORNILLOS Y RAMPLUGS
INSUMOS Y FERRETERIA;IMPULSO;REMACHES
INSUMOS Y FERRETERIA;IMPULSO;REGATONES
INSUMOS Y FERRETERIA;IMPULSO;MECHAS Y PUNTAS
INSUMOS Y FERRETERIA;IMPULSO;SILICONES DE IMPULSO
INSUMOS Y FERRETERIA;IMPULSO;SPRAY
DRYWALL Y MUEBLERIA;LAMINAS;DRYWALL
DRYWALL Y MUEBLERIA;CARPINTERIA;VITRINA PARA MUEBLES
OTROS;#N/D;GENERAL
OTROS;#N/D;GRANEL
OTROS;#N/D;PAPELERIA
OTROS;MUESTRAS Y CATALOGOS;CATALOGOS
